play_id,game_id,timestamp,player_id,action_type,shot_type,distance_ft,is_made,quarter,time_remaining
P0004,0042500317,2026-06-01T03:43:24Z,PL_1631096,Jump Ball,2PT,0.0,False,1,PT12M00.00S
P0007,0042500317,2026-06-01T03:43:29Z,PL_1641705,Made Shot,2PT,12.0,True,1,PT11M39.00S
P0008,0042500317,2026-06-01T03:43:34Z,PL_1631096,Turnover,2PT,0.0,False,1,PT11M21.00S
P0008,0042500317,2026-06-01T03:43:39Z,PL_1630170,Unknown,2PT,0.0,False,1,PT11M21.00S
P0010,0042500317,2026-06-01T03:43:44Z,PL_1629652,Foul,2PT,0.0,False,1,PT11M17.00S
P0013,0042500317,2026-06-01T03:43:49Z,PL_1630170,Made Shot,2PT,14.0,True,1,PT10M59.00S
P0014,0042500317,2026-06-01T03:43:54Z,PL_1631096,Made Shot,2PT,12.0,True,1,PT10M41.00S
P0016,0042500317,2026-06-01T03:43:59Z,PL_1642264,Made Shot,2PT,1.0,True,1,PT10M33.00S
P0018,0042500317,2026-06-01T03:44:04Z,PL_1628983,Made Shot,2PT,19.0,True,1,PT10M12.00S
P0019,0042500317,2026-06-01T03:44:09Z,PL_1642264,Made Shot,2PT,1.0,True,1,PT09M55.00S
P0021,0042500317,2026-06-01T03:44:14Z,PL_1631096,Missed Shot,2PT,8.0,False,1,PT09M39.00S
P0022,0042500317,2026-06-01T03:44:19Z,PL_1641717,Rebound,2PT,0.0,False,1,PT09M36.00S
P0023,0042500317,2026-06-01T03:44:24Z,PL_1629652,Missed Shot,3PT,25.0,False,1,PT09M30.00S
P0024,0042500317,2026-06-01T03:44:29Z,PL_1610612759,Rebound,2PT,0.0,False,1,PT09M29.00S
P0026,0042500317,2026-06-01T03:44:34Z,PL_1641705,Made Shot,2PT,2.0,True,1,PT09M11.00S
P0028,0042500317,2026-06-01T03:44:39Z,PL_1629652,Missed Shot,3PT,26.0,False,1,PT08M52.00S
P0029,0042500317,2026-06-01T03:44:44Z,PL_1641705,Rebound,2PT,0.0,False,1,PT08M48.00S
P0030,0042500317,2026-06-01T03:44:49Z,PL_1630170,Missed Shot,3PT,0.0,False,1,PT08M42.00S
P0032,0042500317,2026-06-01T03:44:54Z,PL_1628983,Rebound,2PT,0.0,False,1,PT08M38.00S
P0033,0042500317,2026-06-01T03:44:59Z,PL_1628392,Turnover,2PT,0.0,False,1,PT08M26.00S
P0033,0042500317,2026-06-01T03:45:04Z,PL_1641705,Unknown,2PT,0.0,False,1,PT08M26.00S
P0035,0042500317,2026-06-01T03:45:09Z,PL_1641717,Foul,2PT,0.0,False,1,PT08M21.00S
P0037,0042500317,2026-06-01T03:45:14Z,PL_1629652,Substitution,2PT,0.0,False,1,PT08M21.00S
P0039,0042500317,2026-06-01T03:45:19Z,PL_1642264,Missed Shot,2PT,13.0,False,1,PT08M12.00S
P0040,0042500317,2026-06-01T03:45:24Z,PL_1628392,Rebound,2PT,0.0,False,1,PT08M10.00S
P0041,0042500317,2026-06-01T03:45:29Z,PL_1628392,Made Shot,2PT,9.0,True,1,PT07M57.00S
P0043,0042500317,2026-06-01T03:45:34Z,PL_1628368,Made Shot,3PT,25.0,True,1,PT07M36.00S
P0045,0042500317,2026-06-01T03:45:39Z,PL_1628983,Turnover,2PT,0.0,False,1,PT07M21.00S
P0045,0042500317,2026-06-01T03:45:44Z,PL_1628368,Unknown,2PT,0.0,False,1,PT07M21.00S
P0047,0042500317,2026-06-01T03:45:49Z,PL_1630170,Missed Shot,3PT,26.0,False,1,PT07M14.00S
P0048,0042500317,2026-06-01T03:45:54Z,PL_1628392,Rebound,2PT,0.0,False,1,PT07M09.00S
P0049,0042500317,2026-06-01T03:45:59Z,PL_1628983,Made Shot,2PT,5.0,True,1,PT06M56.00S
P0050,0042500317,2026-06-01T03:46:04Z,PL_1630577,Made Shot,3PT,28.0,True,1,PT06M51.00S
P0052,0042500317,2026-06-01T03:46:09Z,PL_1627936,Turnover,2PT,0.0,False,1,PT06M38.00S
P0052,0042500317,2026-06-01T03:46:14Z,PL_1628368,Unknown,2PT,0.0,False,1,PT06M38.00S
P0054,0042500317,2026-06-01T03:46:19Z,PL_1630170,Missed Shot,2PT,2.0,False,1,PT06M34.00S
P0055,0042500317,2026-06-01T03:46:24Z,PL_1642264,Rebound,2PT,0.0,False,1,PT06M33.00S
P0056,0042500317,2026-06-01T03:46:29Z,PL_1642264,Made Shot,2PT,0.0,True,1,PT06M33.00S
P0057,0042500317,2026-06-01T03:46:34Z,PL_1610612760,Timeout,2PT,0.0,False,1,PT06M33.00S
P0058,0042500317,2026-06-01T03:46:39Z,PL_1631096,Substitution,2PT,0.0,False,1,PT06M33.00S
P0059,0042500317,2026-06-01T03:46:44Z,PL_1641705,Substitution,2PT,0.0,False,1,PT06M33.00S
P0060,0042500317,2026-06-01T03:46:49Z,PL_1628368,Substitution,2PT,0.0,False,1,PT06M33.00S
P0064,0042500317,2026-06-01T03:46:54Z,PL_1641717,Missed Shot,3PT,27.0,False,1,PT06M20.00S
P0065,0042500317,2026-06-01T03:46:59Z,PL_1628392,Rebound,2PT,0.0,False,1,PT06M16.00S
P0066,0042500317,2026-06-01T03:47:04Z,PL_1642272,Missed Shot,3PT,25.0,False,1,PT06M14.00S
P0067,0042500317,2026-06-01T03:47:09Z,PL_1641717,Rebound,2PT,0.0,False,1,PT06M14.00S
P0068,0042500317,2026-06-01T03:47:14Z,PL_1641717,Made Shot,3PT,0.0,True,1,PT06M04.00S
P0070,0042500317,2026-06-01T03:47:19Z,PL_1630170,Made Shot,3PT,26.0,True,1,PT05M51.00S
P0072,0042500317,2026-06-01T03:47:24Z,PL_1627936,Made Shot,2PT,1.0,True,1,PT05M42.00S
P0073,0042500317,2026-06-01T03:47:29Z,PL_1642264,Made Shot,2PT,3.0,True,1,PT05M30.00S
P0074,0042500317,2026-06-01T03:47:34Z,PL_1628983,Foul,2PT,0.0,False,1,PT05M30.00S
P0076,0042500317,2026-06-01T03:47:39Z,PL_1642264,Free Throw,FT,0.0,True,1,PT05M30.00S
P0077,0042500317,2026-06-01T03:47:44Z,PL_1628392,Turnover,2PT,0.0,False,1,PT05M15.00S
P0077,0042500317,2026-06-01T03:47:49Z,PL_1630577,Unknown,2PT,0.0,False,1,PT05M15.00S
P0079,0042500317,2026-06-01T03:47:54Z,PL_1630577,Made Shot,3PT,24.0,True,1,PT05M07.00S
P0081,0042500317,2026-06-01T03:47:59Z,PL_1642272,Made Shot,2PT,4.0,True,1,PT04M48.00S
P0082,0042500317,2026-06-01T03:48:04Z,PL_1642264,Missed Shot,3PT,25.0,False,1,PT04M33.00S
P0083,0042500317,2026-06-01T03:48:09Z,PL_1627936,Rebound,2PT,0.0,False,1,PT04M30.00S
P0084,0042500317,2026-06-01T03:48:14Z,PL_1642272,Made Shot,3PT,0.0,True,1,PT04M25.00S
P0086,0042500317,2026-06-01T03:48:19Z,PL_1610612759,Timeout,2PT,0.0,False,1,PT04M24.00S
P0088,0042500317,2026-06-01T03:48:24Z,PL_1641717,Substitution,2PT,0.0,False,1,PT04M24.00S
P0089,0042500317,2026-06-01T03:48:29Z,PL_1628392,Substitution,2PT,0.0,False,1,PT04M24.00S
P0090,0042500317,2026-06-01T03:48:34Z,PL_1630577,Substitution,2PT,0.0,False,1,PT04M24.00S
P0091,0042500317,2026-06-01T03:48:39Z,PL_1628436,Substitution,2PT,0.0,False,1,PT04M24.00S
P0096,0042500317,2026-06-01T03:48:44Z,PL_1642264,Missed Shot,2PT,4.0,False,1,PT04M07.00S
P0097,0042500317,2026-06-01T03:48:49Z,PL_1631119,Rebound,2PT,0.0,False,1,PT04M05.00S
P0098,0042500317,2026-06-01T03:48:54Z,PL_1631096,Turnover,2PT,0.0,False,1,PT04M00.00S
P0098,0042500317,2026-06-01T03:48:59Z,PL_1629640,Unknown,2PT,0.0,False,1,PT04M00.00S
P0100,0042500317,2026-06-01T03:49:04Z,PL_1642264,Turnover,2PT,0.0,False,1,PT03M54.00S
P0100,0042500317,2026-06-01T03:49:09Z,PL_1642272,Unknown,2PT,0.0,False,1,PT03M54.00S
P0102,0042500317,2026-06-01T03:49:14Z,PL_1642844,Foul,2PT,0.0,False,1,PT03M49.00S
P0104,0042500317,2026-06-01T03:49:19Z,PL_1628983,Free Throw,FT,0.0,True,1,PT03M49.00S
P0105,0042500317,2026-06-01T03:49:24Z,PL_1642264,Substitution,2PT,0.0,False,1,PT03M49.00S
P0107,0042500317,2026-06-01T03:49:29Z,PL_1628983,Free Throw,FT,0.0,True,1,PT03M49.00S
P0108,0042500317,2026-06-01T03:49:34Z,PL_1641705,Missed Shot,2PT,22.0,False,1,PT03M26.00S
P0109,0042500317,2026-06-01T03:49:39Z,PL_1628983,Rebound,2PT,0.0,False,1,PT03M23.00S
P0110,0042500317,2026-06-01T03:49:44Z,PL_1628983,Missed Shot,3PT,25.0,False,1,PT03M07.00S
P0111,0042500317,2026-06-01T03:49:49Z,PL_1631119,Rebound,2PT,0.0,False,1,PT03M05.00S
P0112,0042500317,2026-06-01T03:49:54Z,PL_1631119,Missed Shot,3PT,25.0,False,1,PT02M56.00S
P0113,0042500317,2026-06-01T03:49:59Z,PL_1630170,Rebound,2PT,0.0,False,1,PT02M53.00S
P0114,0042500317,2026-06-01T03:50:04Z,PL_1630170,Missed Shot,2PT,10.0,False,1,PT02M42.00S
P0115,0042500317,2026-06-01T03:50:09Z,PL_1631119,Rebound,2PT,0.0,False,1,PT02M40.00S
P0116,0042500317,2026-06-01T03:50:14Z,PL_1642272,Missed Shot,3PT,25.0,False,1,PT02M34.00S
P0117,0042500317,2026-06-01T03:50:19Z,PL_1631096,Rebound,2PT,0.0,False,1,PT02M32.00S
P0118,0042500317,2026-06-01T03:50:24Z,PL_1629640,Foul,2PT,0.0,False,1,PT02M32.00S
P0120,0042500317,2026-06-01T03:50:29Z,PL_1631119,Substitution,2PT,0.0,False,1,PT02M32.00S
P0122,0042500317,2026-06-01T03:50:34Z,PL_1629026,Missed Shot,3PT,26.0,False,1,PT02M22.00S
P0123,0042500317,2026-06-01T03:50:39Z,PL_1641705,Rebound,2PT,0.0,False,1,PT02M18.00S
P0124,0042500317,2026-06-01T03:50:44Z,PL_1642844,Made Shot,2PT,3.0,True,1,PT02M07.00S
P0125,0042500317,2026-06-01T03:50:49Z,PL_1628983,Missed Shot,2PT,8.0,False,1,PT01M53.00S
P0126,0042500317,2026-06-01T03:50:54Z,PL_1630170,Rebound,2PT,0.0,False,1,PT01M51.00S
P0127,0042500317,2026-06-01T03:50:59Z,PL_1642272,Foul,2PT,0.0,False,1,PT01M49.00S
P0129,0042500317,2026-06-01T03:51:04Z,PL_1630170,Free Throw,FT,0.0,True,1,PT01M49.00S
P0130,0042500317,2026-06-01T03:51:09Z,PL_1642844,Substitution,2PT,0.0,False,1,PT01M49.00S
P0132,0042500317,2026-06-01T03:51:14Z,PL_1630170,Free Throw,FT,0.0,True,1,PT01M49.00S
P0133,0042500317,2026-06-01T03:51:19Z,PL_1627936,Missed Shot,3PT,24.0,False,1,PT01M25.00S
P0134,0042500317,2026-06-01T03:51:24Z,PL_1641705,Rebound,2PT,0.0,False,1,PT01M20.00S
P0135,0042500317,2026-06-01T03:51:29Z,PL_1630577,Turnover,2PT,0.0,False,1,PT01M12.00S
P0136,0042500317,2026-06-01T03:51:34Z,PL_1631096,Substitution,2PT,0.0,False,1,PT01M12.00S
P0137,0042500317,2026-06-01T03:51:39Z,PL_1629640,Substitution,2PT,0.0,False,1,PT01M12.00S
P0138,0042500317,2026-06-01T03:51:44Z,PL_1630170,Substitution,2PT,0.0,False,1,PT01M12.00S
P0142,0042500317,2026-06-01T03:51:49Z,PL_1627936,Missed Shot,3PT,25.0,False,1,PT00M53.80S
P0143,0042500317,2026-06-01T03:51:54Z,PL_1629026,Rebound,2PT,0.0,False,1,PT00M53.10S
P0144,0042500317,2026-06-01T03:51:59Z,PL_1629026,Made Shot,2PT,0.0,True,1,PT00M53.10S
P0145,0042500317,2026-06-01T03:52:04Z,PL_1641705,Foul,2PT,0.0,False,1,PT00M40.20S
P0150,0042500317,2026-06-01T03:52:09Z,PL_1641705,Turnover,2PT,0.0,False,1,PT00M40.20S
P0147,0042500317,2026-06-01T03:52:14Z,PL_1610612760,Timeout,2PT,0.0,False,1,PT00M40.20S
P0148,0042500317,2026-06-01T03:52:19Z,PL_1627327,Foul,2PT,0.0,False,1,PT00M40.20S
P0149,0042500317,2026-06-01T03:52:24Z,PL_145,Instant Replay,2PT,0.0,False,1,PT00M40.20S
P0151,0042500317,2026-06-01T03:52:29Z,PL_1627936,Substitution,2PT,0.0,False,1,PT00M40.20S
P0153,0042500317,2026-06-01T03:52:34Z,PL_1641705,Free Throw,FT,0.0,True,1,PT00M40.20S
P0154,0042500317,2026-06-01T03:52:39Z,PL_1642272,Missed Shot,2PT,2.0,False,1,PT00M22.50S
P0155,0042500317,2026-06-01T03:52:44Z,PL_1610612760,Rebound,2PT,0.0,False,1,PT00M22.50S
P0156,0042500317,2026-06-01T03:52:49Z,PL_1642264,Foul,2PT,0.0,False,1,PT00M22.50S
P0158,0042500317,2026-06-01T03:52:54Z,PL_1642272,Made Shot,3PT,26.0,True,1,PT00M15.80S
P0160,0042500317,2026-06-01T03:52:59Z,PL_1628368,Missed Shot,3PT,0.0,False,1,PT00M03.90S
P0161,0042500317,2026-06-01T03:53:04Z,PL_1641717,Rebound,2PT,0.0,False,1,PT00M00.80S
P0163,0042500317,2026-06-01T03:53:14Z,PL_1610612760,Rebound,2PT,0.0,False,1,PT00M00.10S
P0170,0042500317,2026-06-01T03:53:29Z,PL_1628983,Made Shot,2PT,13.0,True,2,PT11M46.00S
P0172,0042500317,2026-06-01T03:53:34Z,PL_1642844,Made Shot,3PT,27.0,True,2,PT11M27.00S
P0174,0042500317,2026-06-01T03:53:39Z,PL_1627936,Missed Shot,3PT,25.0,False,2,PT11M07.00S
P0175,0042500317,2026-06-01T03:53:44Z,PL_1610612759,Rebound,2PT,0.0,False,2,PT11M07.00S
P0176,0042500317,2026-06-01T03:53:49Z,PL_1628392,Foul,2PT,0.0,False,2,PT11M07.00S
P0178,0042500317,2026-06-01T03:53:54Z,PL_1628983,Substitution,2PT,0.0,False,2,PT11M07.00S
P0180,0042500317,2026-06-01T03:53:59Z,PL_1642264,Missed Shot,3PT,26.0,False,2,PT10M45.00S
P0181,0042500317,2026-06-01T03:54:04Z,PL_1642272,Rebound,2PT,0.0,False,2,PT10M41.00S
P0182,0042500317,2026-06-01T03:54:09Z,PL_1642272,Missed Shot,2PT,11.0,False,2,PT10M20.00S
P0183,0042500317,2026-06-01T03:54:14Z,PL_1610612760,Rebound,2PT,0.0,False,2,PT10M20.00S
P0184,0042500317,2026-06-01T03:54:19Z,PL_1641705,Foul,2PT,0.0,False,2,PT10M20.00S
P0186,0042500317,2026-06-01T03:54:24Z,PL_1628392,Made Shot,2PT,5.0,True,2,PT10M12.00S
P0188,0042500317,2026-06-01T03:54:29Z,PL_203084,Missed Shot,3PT,0.0,False,2,PT09M55.00S
P0189,0042500317,2026-06-01T03:54:34Z,PL_1610612760,Rebound,2PT,0.0,False,2,PT09M55.00S
P0190,0042500317,2026-06-01T03:54:39Z,PL_1630577,Foul,2PT,0.0,False,2,PT09M55.00S
P0193,0042500317,2026-06-01T03:54:44Z,PL_1642264,Substitution,2PT,0.0,False,2,PT09M47.00S
P0194,0042500317,2026-06-01T03:54:49Z,PL_203084,Substitution,2PT,0.0,False,2,PT09M47.00S
P0197,0042500317,2026-06-01T03:54:54Z,PL_1642272,Made Shot,2PT,12.0,True,2,PT09M38.00S
P0198,0042500317,2026-06-01T03:54:59Z,PL_1628368,Made Shot,2PT,4.0,True,2,PT09M23.00S
P0199,0042500317,2026-06-01T03:55:04Z,PL_1628392,Missed Shot,2PT,12.0,False,2,PT09M05.00S
P0200,0042500317,2026-06-01T03:55:09Z,PL_1642844,Rebound,2PT,0.0,False,2,PT09M02.00S
P0201,0042500317,2026-06-01T03:55:14Z,PL_1641705,Made Shot,3PT,27.0,True,2,PT08M58.00S
P0203,0042500317,2026-06-01T03:55:19Z,PL_1610612760,Timeout,2PT,0.0,False,2,PT08M57.00S
P0204,0042500317,2026-06-01T03:55:24Z,PL_1628392,Substitution,2PT,0.0,False,2,PT08M57.00S
P0205,0042500317,2026-06-01T03:55:29Z,PL_1641705,Substitution,2PT,0.0,False,2,PT08M57.00S
P0208,0042500317,2026-06-01T03:55:34Z,PL_1627936,Missed Shot,2PT,4.0,False,2,PT08M32.00S
P0209,0042500317,2026-06-01T03:55:39Z,PL_1631119,Rebound,2PT,0.0,False,2,PT08M30.00S
P0210,0042500317,2026-06-01T03:55:44Z,PL_1631119,Made Shot,2PT,1.0,True,2,PT08M29.00S
P0211,0042500317,2026-06-01T03:55:49Z,PL_1628368,Missed Shot,3PT,27.0,False,2,PT08M10.00S
P0212,0042500317,2026-06-01T03:55:54Z,PL_1641717,Rebound,2PT,0.0,False,2,PT08M07.00S
P0213,0042500317,2026-06-01T03:55:59Z,PL_1641717,Missed Shot,3PT,27.0,False,2,PT07M59.00S
P0214,0042500317,2026-06-01T03:56:04Z,PL_1610612759,Rebound,2PT,0.0,False,2,PT07M59.00S
P0216,0042500317,2026-06-01T03:56:09Z,PL_1642272,Substitution,2PT,0.0,False,2,PT07M59.00S
P0217,0042500317,2026-06-01T03:56:14Z,PL_1630577,Substitution,2PT,0.0,False,2,PT07M59.00S
P0220,0042500317,2026-06-01T03:56:19Z,PL_1642844,Missed Shot,2PT,2.0,False,2,PT07M40.00S
P0220,0042500317,2026-06-01T03:56:24Z,PL_1631096,Unknown,2PT,0.0,False,2,PT07M40.00S
P0222,0042500317,2026-06-01T03:56:29Z,PL_1631119,Rebound,2PT,0.0,False,2,PT07M38.00S
P0223,0042500317,2026-06-01T03:56:34Z,PL_1627936,Missed Shot,2PT,2.0,False,2,PT07M33.00S
P0224,0042500317,2026-06-01T03:56:39Z,PL_1642868,Rebound,2PT,0.0,False,2,PT07M31.00S
P0225,0042500317,2026-06-01T03:56:44Z,PL_1642868,Made Shot,2PT,2.0,True,2,PT07M25.00S
P0227,0042500317,2026-06-01T03:56:49Z,PL_1628368,Foul,2PT,0.0,False,2,PT07M15.00S
P0229,0042500317,2026-06-01T03:56:54Z,PL_1628983,Free Throw,FT,0.0,False,2,PT07M15.00S
P0230,0042500317,2026-06-01T03:56:59Z,PL_1610612760,Rebound,2PT,0.0,False,2,PT07M15.00S
P0231,0042500317,2026-06-01T03:57:04Z,PL_1627936,Substitution,2PT,0.0,False,2,PT07M15.00S
P0232,0042500317,2026-06-01T03:57:09Z,PL_1642844,Substitution,2PT,0.0,False,2,PT07M15.00S
P0235,0042500317,2026-06-01T03:57:14Z,PL_1628983,Free Throw,FT,0.0,False,2,PT07M15.00S
P0236,0042500317,2026-06-01T03:57:19Z,PL_1628436,Rebound,2PT,0.0,False,2,PT07M13.00S
P0237,0042500317,2026-06-01T03:57:24Z,PL_1631096,Foul,2PT,0.0,False,2,PT07M02.00S
P0239,0042500317,2026-06-01T03:57:29Z,PL_1628436,Free Throw,FT,0.0,True,2,PT07M02.00S
P0240,0042500317,2026-06-01T03:57:34Z,PL_1628436,Free Throw,FT,0.0,True,2,PT07M02.00S
P0241,0042500317,2026-06-01T03:57:39Z,PL_1628983,Made Shot,3PT,25.0,True,2,PT06M51.00S
P0243,0042500317,2026-06-01T03:57:44Z,PL_1610612759,Timeout,2PT,0.0,False,2,PT06M45.00S
P0244,0042500317,2026-06-01T03:57:49Z,PL_1628436,Substitution,2PT,0.0,False,2,PT06M45.00S
P0245,0042500317,2026-06-01T03:57:54Z,PL_1642868,Substitution,2PT,0.0,False,2,PT06M45.00S
P0248,0042500317,2026-06-01T03:57:59Z,PL_1641705,Missed Shot,2PT,3.0,False,2,PT06M32.00S
P0249,0042500317,2026-06-01T03:58:04Z,PL_1631096,Rebound,2PT,0.0,False,2,PT06M30.00S
P0250,0042500317,2026-06-01T03:58:09Z,PL_1631119,Missed Shot,2PT,13.0,False,2,PT06M20.00S
P0251,0042500317,2026-06-01T03:58:14Z,PL_1610612760,Rebound,2PT,0.0,False,2,PT06M18.00S
P0254,0042500317,2026-06-01T03:58:19Z,PL_1628983,Missed Shot,2PT,15.0,False,2,PT06M11.00S
P0255,0042500317,2026-06-01T03:58:24Z,PL_1631119,Rebound,2PT,0.0,False,2,PT06M08.00S
P0256,0042500317,2026-06-01T03:58:29Z,PL_1628983,Made Shot,2PT,1.0,True,2,PT06M05.00S
P0258,0042500317,2026-06-01T03:58:34Z,PL_1630577,Missed Shot,3PT,28.0,False,2,PT05M50.00S
P0259,0042500317,2026-06-01T03:58:39Z,PL_1631119,Rebound,2PT,0.0,False,2,PT05M49.00S
P0261,0042500317,2026-06-01T03:58:44Z,PL_1630577,Foul,2PT,0.0,False,2,PT05M30.00S
P0263,0042500317,2026-06-01T03:58:49Z,PL_1631096,Free Throw,FT,0.0,False,2,PT05M30.00S
P0264,0042500317,2026-06-01T03:58:54Z,PL_1610612760,Rebound,2PT,0.0,False,2,PT05M30.00S
P0265,0042500317,2026-06-01T03:58:59Z,PL_1628368,Substitution,2PT,0.0,False,2,PT05M30.00S
P0267,0042500317,2026-06-01T03:59:04Z,PL_1631096,Free Throw,FT,0.0,False,2,PT05M30.00S
P0268,0042500317,2026-06-01T03:59:09Z,PL_1642264,Rebound,2PT,0.0,False,2,PT05M28.00S
P0269,0042500317,2026-06-01T03:59:14Z,PL_1631119,Foul,2PT,0.0,False,2,PT05M23.00S
P0271,0042500317,2026-06-01T03:59:19Z,PL_1641717,Substitution,2PT,0.0,False,2,PT05M23.00S
P0273,0042500317,2026-06-01T03:59:24Z,PL_1642264,Missed Shot,2PT,2.0,False,2,PT05M13.00S
P0274,0042500317,2026-06-01T03:59:29Z,PL_1610612760,Rebound,2PT,0.0,False,2,PT05M13.00S
P0276,0042500317,2026-06-01T03:59:34Z,PL_1628983,Made Shot,2PT,18.0,True,2,PT05M02.00S
P0277,0042500317,2026-06-01T03:59:39Z,PL_1630170,Missed Shot,2PT,1.0,False,2,PT04M42.00S
P0278,0042500317,2026-06-01T03:59:44Z,PL_1642264,Rebound,2PT,0.0,False,2,PT04M40.00S
P0279,0042500317,2026-06-01T03:59:49Z,PL_1642264,Made Shot,2PT,2.0,True,2,PT04M39.00S
P0280,0042500317,2026-06-01T03:59:54Z,PL_1631119,Made Shot,2PT,6.0,True,2,PT04M32.00S
P0282,0042500317,2026-06-01T03:59:59Z,PL_1641705,Missed Shot,2PT,8.0,False,2,PT04M14.00S
P0283,0042500317,2026-06-01T04:00:04Z,PL_1642844,Rebound,2PT,0.0,False,2,PT04M12.00S
P0284,0042500317,2026-06-01T04:00:09Z,PL_1641705,Missed Shot,3PT,28.0,False,2,PT04M10.00S
P0285,0042500317,2026-06-01T04:00:14Z,PL_1627936,Rebound,2PT,0.0,False,2,PT04M10.00S
P0286,0042500317,2026-06-01T04:00:19Z,PL_1628983,Made Shot,2PT,15.0,True,2,PT03M50.00S
P0288,0042500317,2026-06-01T04:00:24Z,PL_1641705,Missed Shot,2PT,9.0,False,2,PT03M30.00S
P0289,0042500317,2026-06-01T04:00:29Z,PL_1631119,Rebound,2PT,0.0,False,2,PT03M29.00S
P0290,0042500317,2026-06-01T04:00:34Z,PL_1627936,Turnover,2PT,0.0,False,2,PT03M11.00S
P0290,0042500317,2026-06-01T04:00:39Z,PL_1642264,Unknown,2PT,0.0,False,2,PT03M11.00S
P0292,0042500317,2026-06-01T04:00:44Z,PL_1627936,Foul,2PT,0.0,False,2,PT03M09.00S
P0294,0042500317,2026-06-01T04:00:49Z,PL_292,Instant Replay,2PT,0.0,False,2,PT03M09.00S
P0295,0042500317,2026-06-01T04:00:54Z,PL_1642844,Substitution,2PT,0.0,False,2,PT03M09.00S
P0297,0042500317,2026-06-01T04:00:59Z,PL_1642264,Free Throw,FT,0.0,True,2,PT03M09.00S
P0298,0042500317,2026-06-01T04:01:04Z,PL_1630577,Substitution,2PT,0.0,False,2,PT03M09.00S
P0300,0042500317,2026-06-01T04:01:09Z,PL_1642264,Free Throw,FT,0.0,False,2,PT03M09.00S
P0301,0042500317,2026-06-01T04:01:14Z,PL_1631119,Rebound,2PT,0.0,False,2,PT03M07.00S
P0302,0042500317,2026-06-01T04:01:19Z,PL_1628983,Made Shot,2PT,17.0,True,2,PT02M52.00S
P0304,0042500317,2026-06-01T04:01:24Z,PL_1628368,Made Shot,2PT,14.0,True,2,PT02M36.00S
P0305,0042500317,2026-06-01T04:01:29Z,PL_1629652,Missed Shot,2PT,12.0,False,2,PT02M22.00S
P0306,0042500317,2026-06-01T04:01:34Z,PL_1628983,Rebound,2PT,0.0,False,2,PT02M20.00S
P0307,0042500317,2026-06-01T04:01:39Z,PL_1629652,Made Shot,3PT,25.0,True,2,PT02M17.00S
P0309,0042500317,2026-06-01T04:01:44Z,PL_1629640,Missed Shot,3PT,24.0,False,2,PT01M55.00S
P0310,0042500317,2026-06-01T04:01:49Z,PL_1628983,Rebound,2PT,0.0,False,2,PT01M53.00S
P0311,0042500317,2026-06-01T04:01:54Z,PL_1631119,Made Shot,2PT,15.0,True,2,PT01M33.00S
P0313,0042500317,2026-06-01T04:01:59Z,PL_1628368,Turnover,2PT,0.0,False,2,PT01M17.00S
P0313,0042500317,2026-06-01T04:02:04Z,PL_1631096,Unknown,2PT,0.0,False,2,PT01M17.00S
P0315,0042500317,2026-06-01T04:02:09Z,PL_1629640,Foul,2PT,0.0,False,2,PT01M17.00S
P0317,0042500317,2026-06-01T04:02:14Z,PL_1631096,Free Throw,FT,0.0,True,2,PT01M17.00S
P0318,0042500317,2026-06-01T04:02:19Z,PL_1631096,Free Throw,FT,0.0,True,2,PT01M17.00S
P0321,0042500317,2026-06-01T04:02:24Z,PL_1628368,Made Shot,3PT,26.0,True,2,PT00M54.30S
P0323,0042500317,2026-06-01T04:02:29Z,PL_1628983,Turnover,2PT,0.0,False,2,PT00M39.50S
P0323,0042500317,2026-06-01T04:02:34Z,PL_1630170,Unknown,2PT,0.0,False,2,PT00M39.50S
P0325,0042500317,2026-06-01T04:02:39Z,PL_1642264,Missed Shot,2PT,2.0,False,2,PT00M35.20S
P0325,0042500317,2026-06-01T04:02:44Z,PL_1628983,Unknown,2PT,0.0,False,2,PT00M35.20S
P0327,0042500317,2026-06-01T04:02:49Z,PL_1629640,Rebound,2PT,0.0,False,2,PT00M35.20S
P0328,0042500317,2026-06-01T04:02:54Z,PL_1629640,Made Shot,2PT,2.0,True,2,PT00M35.20S
P0329,0042500317,2026-06-01T04:02:59Z,PL_1627936,Missed Shot,2PT,8.0,False,2,PT00M28.60S
P0330,0042500317,2026-06-01T04:03:04Z,PL_1630170,Rebound,2PT,0.0,False,2,PT00M26.70S
P0331,0042500317,2026-06-01T04:03:09Z,PL_1641705,Made Shot,2PT,13.0,True,2,PT00M04.90S
P0333,0042500317,2026-06-01T04:03:14Z,PL_1627936,Missed Shot,3PT,26.0,False,2,PT00M00.20S
P0334,0042500317,2026-06-01T04:03:19Z,PL_1610612760,Rebound,2PT,0.0,False,2,PT00M00.20S
P0341,0042500317,2026-06-01T04:03:34Z,PL_1631119,Missed Shot,3PT,0.0,False,3,PT11M45.00S
P0342,0042500317,2026-06-01T04:03:39Z,PL_1630170,Rebound,2PT,0.0,False,3,PT11M41.00S
P0343,0042500317,2026-06-01T04:03:44Z,PL_1628368,Missed Shot,3PT,0.0,False,3,PT11M25.00S
P0344,0042500317,2026-06-01T04:03:49Z,PL_1627936,Rebound,2PT,0.0,False,3,PT11M21.00S
P0345,0042500317,2026-06-01T04:03:54Z,PL_1627936,Missed Shot,2PT,6.0,False,3,PT11M04.00S
P0346,0042500317,2026-06-01T04:03:59Z,PL_1641705,Rebound,2PT,0.0,False,3,PT11M02.00S
P0348,0042500317,2026-06-01T04:04:04Z,PL_1630170,Made Shot,2PT,9.0,True,3,PT10M51.00S
P0350,0042500317,2026-06-01T04:04:09Z,PL_1631119,Made Shot,2PT,6.0,True,3,PT10M24.00S
P0352,0042500317,2026-06-01T04:04:14Z,PL_1641705,Made Shot,2PT,1.0,True,3,PT10M07.00S
P0354,0042500317,2026-06-01T04:04:19Z,PL_1628983,Missed Shot,2PT,1.0,False,3,PT09M56.00S
P0354,0042500317,2026-06-01T04:04:24Z,PL_1641705,Unknown,2PT,0.0,False,3,PT09M56.00S
P0356,0042500317,2026-06-01T04:04:29Z,PL_1610612760,Rebound,2PT,0.0,False,3,PT09M56.00S
P0358,0042500317,2026-06-01T04:04:34Z,PL_1628983,Made Shot,3PT,27.0,True,3,PT09M43.00S
P0359,0042500317,2026-06-01T04:04:39Z,PL_1641705,Missed Shot,2PT,2.0,False,3,PT09M26.00S
P0360,0042500317,2026-06-01T04:04:44Z,PL_1610612760,Rebound,2PT,0.0,False,3,PT09M25.00S
P0362,0042500317,2026-06-01T04:04:49Z,PL_1627936,Made Shot,3PT,26.0,True,3,PT09M10.00S
P0364,0042500317,2026-06-01T04:04:54Z,PL_1642264,Missed Shot,2PT,3.0,False,3,PT08M57.00S
P0364,0042500317,2026-06-01T04:04:59Z,PL_1641717,Unknown,2PT,0.0,False,3,PT08M57.00S
P0366,0042500317,2026-06-01T04:05:04Z,PL_1610612760,Rebound,2PT,0.0,False,3,PT08M54.00S
P0368,0042500317,2026-06-01T04:05:09Z,PL_1642264,Foul,2PT,0.0,False,3,PT08M39.00S
P0370,0042500317,2026-06-01T04:05:14Z,PL_1628983,Free Throw,FT,0.0,True,3,PT08M39.00S
P0371,0042500317,2026-06-01T04:05:19Z,PL_1631119,Substitution,2PT,0.0,False,3,PT08M39.00S
P0372,0042500317,2026-06-01T04:05:24Z,PL_1631096,Substitution,2PT,0.0,False,3,PT08M39.00S
P0373,0042500317,2026-06-01T04:05:29Z,PL_1627936,Substitution,2PT,0.0,False,3,PT08M39.00S
P0377,0042500317,2026-06-01T04:05:34Z,PL_1628983,Free Throw,FT,0.0,True,3,PT08M39.00S
P0378,0042500317,2026-06-01T04:05:39Z,PL_1630577,Made Shot,3PT,0.0,True,3,PT08M29.00S
P0380,0042500317,2026-06-01T04:05:44Z,PL_1641717,Turnover,2PT,0.0,False,3,PT08M09.00S
P0380,0042500317,2026-06-01T04:05:49Z,PL_1628368,Unknown,2PT,0.0,False,3,PT08M09.00S
P0382,0042500317,2026-06-01T04:05:54Z,PL_1628368,Turnover,2PT,0.0,False,3,PT08M04.00S
P0382,0042500317,2026-06-01T04:05:59Z,PL_1628983,Unknown,2PT,0.0,False,3,PT08M04.00S
P0384,0042500317,2026-06-01T04:06:04Z,PL_1610612760,Timeout,2PT,0.0,False,3,PT08M03.00S
P0386,0042500317,2026-06-01T04:06:09Z,PL_1641705,Violation,2PT,0.0,False,3,PT07M50.00S
P0387,0042500317,2026-06-01T04:06:14Z,PL_1628392,Missed Shot,2PT,14.0,False,3,PT07M46.00S
P0388,0042500317,2026-06-01T04:06:19Z,PL_1641705,Rebound,2PT,0.0,False,3,PT07M43.00S
P0389,0042500317,2026-06-01T04:06:24Z,PL_1629652,Foul,2PT,0.0,False,3,PT07M33.00S
P0391,0042500317,2026-06-01T04:06:29Z,PL_1630577,Free Throw,FT,0.0,True,3,PT07M33.00S
P0392,0042500317,2026-06-01T04:06:34Z,PL_1630577,Free Throw,FT,0.0,False,3,PT07M33.00S
P0393,0042500317,2026-06-01T04:06:39Z,PL_1610612759,Rebound,2PT,0.0,False,3,PT07M33.00S
P0394,0042500317,2026-06-01T04:06:44Z,PL_1630577,Free Throw,FT,0.0,True,3,PT07M33.00S
P0395,0042500317,2026-06-01T04:06:49Z,PL_1642272,Foul,2PT,0.0,False,3,PT07M25.00S
P0397,0042500317,2026-06-01T04:06:54Z,PL_1642272,Turnover,2PT,0.0,False,3,PT07M25.00S
P0398,0042500317,2026-06-01T04:06:59Z,PL_1641717,Substitution,2PT,0.0,False,3,PT07M25.00S
P0399,0042500317,2026-06-01T04:07:04Z,PL_1628368,Substitution,2PT,0.0,False,3,PT07M25.00S
P0400,0042500317,2026-06-01T04:07:09Z,PL_1630170,Substitution,2PT,0.0,False,3,PT07M25.00S
P0404,0042500317,2026-06-01T04:07:14Z,PL_1630577,Made Shot,3PT,26.0,True,3,PT07M16.00S
P0406,0042500317,2026-06-01T04:07:19Z,PL_1628983,Made Shot,2PT,13.0,True,3,PT07M04.00S
P0408,0042500317,2026-06-01T04:07:24Z,PL_1629640,Missed Shot,3PT,0.0,False,3,PT06M50.00S
P0409,0042500317,2026-06-01T04:07:29Z,PL_1630577,Rebound,2PT,0.0,False,3,PT06M46.00S
P0410,0042500317,2026-06-01T04:07:34Z,PL_1642844,Made Shot,2PT,18.0,True,3,PT06M34.00S
P0412,0042500317,2026-06-01T04:07:39Z,PL_1627936,Missed Shot,2PT,4.0,False,3,PT06M22.00S
P0413,0042500317,2026-06-01T04:07:44Z,PL_1628392,Rebound,2PT,0.0,False,3,PT06M18.00S
P0414,0042500317,2026-06-01T04:07:49Z,PL_1628392,Missed Shot,2PT,0.0,False,3,PT06M18.00S
P0415,0042500317,2026-06-01T04:07:54Z,PL_1630577,Rebound,2PT,0.0,False,3,PT06M18.00S
P0416,0042500317,2026-06-01T04:07:59Z,PL_1630577,Made Shot,3PT,25.0,True,3,PT06M13.00S
P0418,0042500317,2026-06-01T04:08:04Z,PL_1610612760,Timeout,2PT,0.0,False,3,PT06M12.00S
P0419,0042500317,2026-06-01T04:08:09Z,PL_1642272,Substitution,2PT,0.0,False,3,PT06M12.00S
P0420,0042500317,2026-06-01T04:08:14Z,PL_1628392,Substitution,2PT,0.0,False,3,PT06M12.00S
P0423,0042500317,2026-06-01T04:08:19Z,PL_1627936,Turnover,2PT,0.0,False,3,PT06M04.00S
P0424,0042500317,2026-06-01T04:08:24Z,PL_1629652,Substitution,2PT,0.0,False,3,PT06M04.00S
P0426,0042500317,2026-06-01T04:08:29Z,PL_1631119,Foul,2PT,0.0,False,3,PT05M53.00S
P0428,0042500317,2026-06-01T04:08:34Z,PL_1642264,Foul,2PT,0.0,False,3,PT05M50.00S
P0430,0042500317,2026-06-01T04:08:39Z,PL_1642264,Turnover,2PT,0.0,False,3,PT05M50.00S
P0431,0042500317,2026-06-01T04:08:44Z,PL_1629026,Missed Shot,2PT,7.0,False,3,PT05M28.00S
P0432,0042500317,2026-06-01T04:08:49Z,PL_1641705,Rebound,2PT,0.0,False,3,PT05M26.00S
P0433,0042500317,2026-06-01T04:08:54Z,PL_1641705,Made Shot,3PT,26.0,True,3,PT05M21.00S
P0435,0042500317,2026-06-01T04:08:59Z,PL_1628983,Missed Shot,2PT,8.0,False,3,PT05M03.00S
P0436,0042500317,2026-06-01T04:09:04Z,PL_1610612759,Rebound,2PT,0.0,False,3,PT05M02.00S
P0438,0042500317,2026-06-01T04:09:09Z,PL_1630577,Missed Shot,3PT,26.0,False,3,PT04M52.00S
P0439,0042500317,2026-06-01T04:09:14Z,PL_1631096,Rebound,2PT,0.0,False,3,PT04M48.00S
P0440,0042500317,2026-06-01T04:09:19Z,PL_1642264,Foul,2PT,0.0,False,3,PT04M45.00S
P0442,0042500317,2026-06-01T04:09:24Z,PL_1627936,Free Throw,FT,0.0,True,3,PT04M45.00S
P0443,0042500317,2026-06-01T04:09:29Z,PL_1631096,Substitution,2PT,0.0,False,3,PT04M45.00S
P0444,0042500317,2026-06-01T04:09:34Z,PL_1629026,Substitution,2PT,0.0,False,3,PT04M45.00S
P0445,0042500317,2026-06-01T04:09:39Z,PL_1631119,Substitution,2PT,0.0,False,3,PT04M45.00S
P0446,0042500317,2026-06-01T04:09:44Z,PL_1641705,Substitution,2PT,0.0,False,3,PT04M45.00S
P0447,0042500317,2026-06-01T04:09:49Z,PL_1642264,Substitution,2PT,0.0,False,3,PT04M45.00S
P0448,0042500317,2026-06-01T04:09:54Z,PL_1630577,Substitution,2PT,0.0,False,3,PT04M45.00S
P0455,0042500317,2026-06-01T04:09:59Z,PL_1627936,Free Throw,FT,0.0,True,3,PT04M45.00S
P0456,0042500317,2026-06-01T04:10:04Z,PL_1629640,Missed Shot,2PT,1.0,False,3,PT04M29.00S
P0457,0042500317,2026-06-01T04:10:09Z,PL_1628436,Rebound,2PT,0.0,False,3,PT04M27.00S
P0473,0042500317,2026-06-01T04:10:14Z,PL_1628436,Missed Shot,2PT,1.0,False,3,PT04M27.00S
P0474,0042500317,2026-06-01T04:10:19Z,PL_1628392,Rebound,2PT,0.0,False,3,PT04M26.00S
P0458,0042500317,2026-06-01T04:10:24Z,PL_1628983,Turnover,2PT,0.0,False,3,PT04M22.00S
P0459,0042500317,2026-06-01T04:10:29Z,PL_1628368,Missed Shot,2PT,4.0,False,3,PT04M11.00S
P0460,0042500317,2026-06-01T04:10:34Z,PL_1628436,Rebound,2PT,0.0,False,3,PT04M08.00S
P0461,0042500317,2026-06-01T04:10:39Z,PL_1628436,Missed Shot,2PT,0.0,False,3,PT04M08.00S
P0462,0042500317,2026-06-01T04:10:44Z,PL_1628436,Rebound,2PT,0.0,False,3,PT04M07.00S
P0485,0042500317,2026-06-01T04:10:49Z,PL_1628436,Missed Shot,2PT,1.0,False,3,PT04M07.00S
P0486,0042500317,2026-06-01T04:10:54Z,PL_1610612759,Rebound,2PT,0.0,False,3,PT04M07.00S
P0463,0042500317,2026-06-01T04:10:59Z,PL_1628392,Foul,2PT,0.0,False,3,PT04M07.00S
P0465,0042500317,2026-06-01T04:11:04Z,PL_1630170,Missed Shot,3PT,27.0,False,3,PT04M00.00S
P0466,0042500317,2026-06-01T04:11:09Z,PL_1629640,Rebound,2PT,0.0,False,3,PT03M59.00S
P0467,0042500317,2026-06-01T04:11:14Z,PL_1641717,Foul,2PT,0.0,False,3,PT03M59.00S
P0469,0042500317,2026-06-01T04:11:19Z,PL_1629640,Free Throw,FT,0.0,False,3,PT03M59.00S
P0470,0042500317,2026-06-01T04:11:24Z,PL_1610612759,Rebound,2PT,0.0,False,3,PT03M59.00S
P0471,0042500317,2026-06-01T04:11:29Z,PL_1628436,Substitution,2PT,0.0,False,3,PT03M59.00S
P0475,0042500317,2026-06-01T04:11:34Z,PL_1629640,Free Throw,FT,0.0,True,3,PT03M59.00S
P0476,0042500317,2026-06-01T04:11:39Z,PL_1641705,Foul,2PT,0.0,False,3,PT03M48.00S
P0478,0042500317,2026-06-01T04:11:44Z,PL_1628983,Free Throw,FT,0.0,True,3,PT03M48.00S
P0479,0042500317,2026-06-01T04:11:49Z,PL_1628983,Free Throw,FT,0.0,True,3,PT03M48.00S
P0480,0042500317,2026-06-01T04:11:54Z,PL_1629640,Missed Shot,3PT,26.0,False,3,PT03M36.00S
P0481,0042500317,2026-06-01T04:11:59Z,PL_1641717,Rebound,2PT,0.0,False,3,PT03M32.00S
P0482,0042500317,2026-06-01T04:12:04Z,PL_1630170,Foul,2PT,0.0,False,3,PT03M15.00S
P0484,0042500317,2026-06-01T04:12:09Z,PL_1628983,Free Throw,FT,0.0,True,3,PT03M15.00S
P0487,0042500317,2026-06-01T04:12:14Z,PL_1628983,Free Throw,FT,0.0,True,3,PT03M15.00S
P0488,0042500317,2026-06-01T04:12:19Z,PL_1628983,Free Throw,FT,0.0,True,3,PT03M15.00S
P0489,0042500317,2026-06-01T04:12:24Z,PL_1630170,Missed Shot,2PT,18.0,False,3,PT03M04.00S
P0490,0042500317,2026-06-01T04:12:29Z,PL_1641705,Rebound,2PT,0.0,False,3,PT02M59.00S
P0491,0042500317,2026-06-01T04:12:34Z,PL_1630170,Missed Shot,3PT,26.0,False,3,PT02M58.00S
P0492,0042500317,2026-06-01T04:12:39Z,PL_1630170,Rebound,2PT,0.0,False,3,PT02M53.00S
P0493,0042500317,2026-06-01T04:12:44Z,PL_1641705,Missed Shot,3PT,25.0,False,3,PT02M49.00S
P0494,0042500317,2026-06-01T04:12:49Z,PL_1610612760,Rebound,2PT,0.0,False,3,PT02M46.00S
P0495,0042500317,2026-06-01T04:12:54Z,PL_1629640,Foul,2PT,0.0,False,3,PT02M46.00S
P0497,0042500317,2026-06-01T04:12:59Z,PL_1627936,Free Throw,FT,0.0,True,3,PT02M46.00S
P0498,0042500317,2026-06-01T04:13:04Z,PL_1642844,Substitution,2PT,0.0,False,3,PT02M46.00S
P0499,0042500317,2026-06-01T04:13:09Z,PL_1629640,Substitution,2PT,0.0,False,3,PT02M46.00S
P0502,0042500317,2026-06-01T04:13:14Z,PL_1627936,Free Throw,FT,0.0,True,3,PT02M46.00S
P0503,0042500317,2026-06-01T04:13:19Z,PL_1628368,Made Shot,2PT,3.0,True,3,PT02M29.00S
P0504,0042500317,2026-06-01T04:13:24Z,PL_1628983,Missed Shot,2PT,17.0,False,3,PT02M10.00S
P0505,0042500317,2026-06-01T04:13:29Z,PL_1630170,Rebound,2PT,0.0,False,3,PT02M07.00S
P0510,0042500317,2026-06-01T04:13:34Z,PL_1628368,Missed Shot,2PT,1.0,False,3,PT02M00.00S
P0510,0042500317,2026-06-01T04:13:39Z,PL_1627936,Unknown,2PT,0.0,False,3,PT02M00.00S
P0512,0042500317,2026-06-01T04:13:44Z,PL_1610612760,Rebound,2PT,0.0,False,3,PT02M00.00S
P0508,0042500317,2026-06-01T04:13:49Z,PL_1610612760,Timeout,2PT,0.0,False,3,PT02M00.00S
P0509,0042500317,2026-06-01T04:13:54Z,PL_506,Instant Replay,2PT,0.0,False,3,PT02M00.00S
P0513,0042500317,2026-06-01T04:13:59Z,PL_1642272,Substitution,2PT,0.0,False,3,PT02M00.00S
P0514,0042500317,2026-06-01T04:14:04Z,PL_1627936,Substitution,2PT,0.0,False,3,PT02M00.00S
P0515,0042500317,2026-06-01T04:14:09Z,PL_1628392,Substitution,2PT,0.0,False,3,PT02M00.00S
P0519,0042500317,2026-06-01T04:14:14Z,PL_1628983,Missed Shot,2PT,3.0,False,3,PT01M47.00S
P0520,0042500317,2026-06-01T04:14:19Z,PL_1630577,Rebound,2PT,0.0,False,3,PT01M45.00S
P0521,0042500317,2026-06-01T04:14:24Z,PL_1642264,Missed Shot,3PT,0.0,False,3,PT01M33.00S
P0522,0042500317,2026-06-01T04:14:29Z,PL_1631096,Rebound,2PT,0.0,False,3,PT01M31.00S
P0523,0042500317,2026-06-01T04:14:34Z,PL_1631119,Made Shot,3PT,27.0,True,3,PT01M08.00S
P0525,0042500317,2026-06-01T04:14:39Z,PL_1610612759,Timeout,2PT,0.0,False,3,PT01M06.00S
P0526,0042500317,2026-06-01T04:14:44Z,PL_1630170,Missed Shot,3PT,24.0,False,3,PT00M52.20S
P0527,0042500317,2026-06-01T04:14:49Z,PL_1642264,Rebound,2PT,0.0,False,3,PT00M49.30S
P0528,0042500317,2026-06-01T04:14:54Z,PL_1631119,Foul,2PT,0.0,False,3,PT00M48.00S
P0530,0042500317,2026-06-01T04:14:59Z,PL_1641705,Free Throw,FT,0.0,True,3,PT00M48.00S
P0531,0042500317,2026-06-01T04:15:04Z,PL_1631096,Substitution,2PT,0.0,False,3,PT00M48.00S
P0532,0042500317,2026-06-01T04:15:09Z,PL_1642264,Substitution,2PT,0.0,False,3,PT00M48.00S
P0535,0042500317,2026-06-01T04:15:14Z,PL_1641705,Free Throw,FT,0.0,False,3,PT00M48.00S
P0536,0042500317,2026-06-01T04:15:19Z,PL_1629652,Rebound,2PT,0.0,False,3,PT00M46.20S
P0537,0042500317,2026-06-01T04:15:24Z,PL_1641717,Missed Shot,3PT,26.0,False,3,PT00M28.80S
P0538,0042500317,2026-06-01T04:15:29Z,PL_1642844,Rebound,2PT,0.0,False,3,PT00M24.80S
P0539,0042500317,2026-06-01T04:15:34Z,PL_1641705,Missed Shot,2PT,17.0,False,3,PT00M03.10S
P0540,0042500317,2026-06-01T04:15:39Z,PL_1641717,Rebound,2PT,0.0,False,3,PT00M03.10S
P0542,0042500317,2026-06-01T04:15:49Z,PL_1610612760,Rebound,2PT,0.0,False,3,PT00M00.10S
P0551,0042500317,2026-06-01T04:16:04Z,PL_1631096,Foul,2PT,0.0,False,4,PT11M41.00S
P0553,0042500317,2026-06-01T04:16:09Z,PL_1641705,Free Throw,FT,0.0,False,4,PT11M41.00S
P0554,0042500317,2026-06-01T04:16:14Z,PL_1610612759,Rebound,2PT,0.0,False,4,PT11M41.00S
P0555,0042500317,2026-06-01T04:16:19Z,PL_1641705,Free Throw,FT,0.0,True,4,PT11M41.00S
P0556,0042500317,2026-06-01T04:16:24Z,PL_1642272,Made Shot,2PT,15.0,True,4,PT11M30.00S
P0558,0042500317,2026-06-01T04:16:29Z,PL_1629640,Made Shot,3PT,25.0,True,4,PT11M06.00S
P0560,0042500317,2026-06-01T04:16:34Z,PL_1641717,Made Shot,3PT,24.0,True,4,PT10M53.00S
P0562,0042500317,2026-06-01T04:16:39Z,PL_1630577,Missed Shot,3PT,26.0,False,4,PT10M39.00S
P0563,0042500317,2026-06-01T04:16:44Z,PL_1642844,Rebound,2PT,0.0,False,4,PT10M36.00S
P0564,0042500317,2026-06-01T04:16:49Z,PL_1629640,Made Shot,3PT,0.0,True,4,PT10M33.00S
P0566,0042500317,2026-06-01T04:16:54Z,PL_1642272,Missed Shot,3PT,0.0,False,4,PT10M07.00S
P0567,0042500317,2026-06-01T04:16:59Z,PL_1610612760,Rebound,2PT,0.0,False,4,PT10M06.00S
P0568,0042500317,2026-06-01T04:17:04Z,PL_1610612760,Turnover,2PT,0.0,False,4,PT10M06.00S
P0569,0042500317,2026-06-01T04:17:09Z,PL_1642272,Substitution,2PT,0.0,False,4,PT10M06.00S
P0571,0042500317,2026-06-01T04:17:14Z,PL_1631119,Foul,2PT,0.0,False,4,PT09M52.00S
P0573,0042500317,2026-06-01T04:17:19Z,PL_1641705,Free Throw,FT,0.0,True,4,PT09M52.00S
P0574,0042500317,2026-06-01T04:17:24Z,PL_1641705,Free Throw,FT,0.0,True,4,PT09M52.00S
P0575,0042500317,2026-06-01T04:17:29Z,PL_1641705,Foul,2PT,0.0,False,4,PT09M44.00S
P0577,0042500317,2026-06-01T04:17:34Z,PL_1627936,Free Throw,FT,0.0,False,4,PT09M44.00S
P0578,0042500317,2026-06-01T04:17:39Z,PL_1610612760,Rebound,2PT,0.0,False,4,PT09M44.00S
P0579,0042500317,2026-06-01T04:17:44Z,PL_1627936,Free Throw,FT,0.0,True,4,PT09M44.00S
P0580,0042500317,2026-06-01T04:17:49Z,PL_1628368,Made Shot,3PT,25.0,True,4,PT09M30.00S
P0581,0042500317,2026-06-01T04:17:54Z,PL_1641717,Made Shot,3PT,26.0,True,4,PT09M07.00S
P0583,0042500317,2026-06-01T04:17:59Z,PL_1641705,Made Shot,3PT,26.0,True,4,PT08M43.00S
P0584,0042500317,2026-06-01T04:18:04Z,PL_1628983,Missed Shot,3PT,26.0,False,4,PT08M31.00S
P0585,0042500317,2026-06-01T04:18:09Z,PL_1630577,Rebound,2PT,0.0,False,4,PT08M27.00S
P0586,0042500317,2026-06-01T04:18:14Z,PL_1642844,Missed Shot,3PT,24.0,False,4,PT08M16.00S
P0587,0042500317,2026-06-01T04:18:19Z,PL_1641717,Rebound,2PT,0.0,False,4,PT08M12.00S
P0588,0042500317,2026-06-01T04:18:24Z,PL_1627936,Missed Shot,2PT,3.0,False,4,PT08M08.00S
P0589,0042500317,2026-06-01T04:18:29Z,PL_1642844,Rebound,2PT,0.0,False,4,PT08M04.00S
P0590,0042500317,2026-06-01T04:18:34Z,PL_1629640,Made Shot,2PT,2.0,True,4,PT08M00.00S
P0592,0042500317,2026-06-01T04:18:39Z,PL_1610612760,Timeout,2PT,0.0,False,4,PT08M00.00S
P0593,0042500317,2026-06-01T04:18:44Z,PL_1631119,Substitution,2PT,0.0,False,4,PT08M00.00S
P0594,0042500317,2026-06-01T04:18:49Z,PL_1631096,Substitution,2PT,0.0,False,4,PT08M00.00S
P0595,0042500317,2026-06-01T04:18:54Z,PL_1642844,Substitution,2PT,0.0,False,4,PT08M00.00S
P0596,0042500317,2026-06-01T04:18:59Z,PL_1630577,Substitution,2PT,0.0,False,4,PT08M00.00S
P0601,0042500317,2026-06-01T04:19:04Z,PL_1628392,Made Shot,2PT,2.0,True,4,PT07M50.00S
P0603,0042500317,2026-06-01T04:19:09Z,PL_1641705,Foul,2PT,0.0,False,4,PT07M50.00S
P0605,0042500317,2026-06-01T04:19:14Z,PL_1628392,Free Throw,FT,0.0,True,4,PT07M50.00S
P0606,0042500317,2026-06-01T04:19:19Z,PL_1628368,Missed Shot,3PT,25.0,False,4,PT07M35.00S
P0607,0042500317,2026-06-01T04:19:24Z,PL_1627936,Rebound,2PT,0.0,False,4,PT07M33.00S
P0608,0042500317,2026-06-01T04:19:29Z,PL_1642272,Missed Shot,3PT,0.0,False,4,PT07M23.00S
P0609,0042500317,2026-06-01T04:19:34Z,PL_1629640,Rebound,2PT,0.0,False,4,PT07M21.00S
P0610,0042500317,2026-06-01T04:19:39Z,PL_1630170,Missed Shot,2PT,13.0,False,4,PT07M02.00S
P0611,0042500317,2026-06-01T04:19:44Z,PL_1627936,Rebound,2PT,0.0,False,4,PT06M59.00S
P0612,0042500317,2026-06-01T04:19:49Z,PL_1628983,Made Shot,2PT,14.0,True,4,PT06M49.00S
P0613,0042500317,2026-06-01T04:19:54Z,PL_1610612759,Timeout,2PT,0.0,False,4,PT06M48.00S
P0614,0042500317,2026-06-01T04:19:59Z,PL_1641705,Substitution,2PT,0.0,False,4,PT06M48.00S
P0615,0042500317,2026-06-01T04:20:04Z,PL_1629640,Substitution,2PT,0.0,False,4,PT06M48.00S
P0616,0042500317,2026-06-01T04:20:09Z,PL_1628368,Substitution,2PT,0.0,False,4,PT06M48.00S
P0620,0042500317,2026-06-01T04:20:14Z,PL_1642844,Turnover,2PT,0.0,False,4,PT06M34.00S
P0620,0042500317,2026-06-01T04:20:19Z,PL_1628392,Unknown,2PT,0.0,False,4,PT06M34.00S
P0622,0042500317,2026-06-01T04:20:24Z,PL_1628392,Missed Shot,2PT,2.0,False,4,PT06M31.00S
P0622,0042500317,2026-06-01T04:20:29Z,PL_1628436,Unknown,2PT,0.0,False,4,PT06M31.00S
P0624,0042500317,2026-06-01T04:20:34Z,PL_1642844,Rebound,2PT,0.0,False,4,PT06M28.00S
P0625,0042500317,2026-06-01T04:20:39Z,PL_1642264,Made Shot,2PT,15.0,True,4,PT06M13.00S
P0626,0042500317,2026-06-01T04:20:44Z,PL_1641717,Turnover,2PT,0.0,False,4,PT05M49.00S
P0627,0042500317,2026-06-01T04:20:49Z,PL_1628436,Substitution,2PT,0.0,False,4,PT05M49.00S
P0629,0042500317,2026-06-01T04:20:54Z,PL_1630577,Made Shot,3PT,25.0,True,4,PT05M33.00S
P0631,0042500317,2026-06-01T04:20:59Z,PL_1627936,Made Shot,2PT,7.0,True,4,PT05M16.00S
P0633,0042500317,2026-06-01T04:21:04Z,PL_1642844,Turnover,2PT,0.0,False,4,PT04M49.00S
P0633,0042500317,2026-06-01T04:21:09Z,PL_1628983,Unknown,2PT,0.0,False,4,PT04M49.00S
P0635,0042500317,2026-06-01T04:21:14Z,PL_1642272,Missed Shot,3PT,0.0,False,4,PT04M44.00S
P0636,0042500317,2026-06-01T04:21:19Z,PL_1630577,Rebound,2PT,0.0,False,4,PT04M42.00S
P0637,0042500317,2026-06-01T04:21:24Z,PL_1630577,Missed Shot,3PT,25.0,False,4,PT04M29.00S
P0638,0042500317,2026-06-01T04:21:29Z,PL_1642844,Rebound,2PT,0.0,False,4,PT04M26.00S
P0639,0042500317,2026-06-01T04:21:34Z,PL_1642844,Made Shot,2PT,0.0,True,4,PT04M26.00S
P0640,0042500317,2026-06-01T04:21:39Z,PL_1610612760,Timeout,2PT,0.0,False,4,PT04M26.00S
P0641,0042500317,2026-06-01T04:21:44Z,PL_1642272,Substitution,2PT,0.0,False,4,PT04M26.00S
P0642,0042500317,2026-06-01T04:21:49Z,PL_1628392,Substitution,2PT,0.0,False,4,PT04M26.00S
P0643,0042500317,2026-06-01T04:21:54Z,PL_1642264,Substitution,2PT,0.0,False,4,PT04M26.00S
P0647,0042500317,2026-06-01T04:21:59Z,PL_1628983,Made Shot,2PT,21.0,True,4,PT04M09.00S
P0648,0042500317,2026-06-01T04:22:04Z,PL_1610612759,Timeout,2PT,0.0,False,4,PT04M06.00S
P0649,0042500317,2026-06-01T04:22:09Z,PL_1630170,Substitution,2PT,0.0,False,4,PT04M06.00S
P0651,0042500317,2026-06-01T04:22:14Z,PL_1642844,Made Shot,3PT,27.0,True,4,PT03M46.00S
P0652,0042500317,2026-06-01T04:22:19Z,PL_1641717,Made Shot,3PT,0.0,True,4,PT03M26.00S
P0674,0042500317,2026-06-01T04:22:24Z,PL_1642264,Turnover,2PT,0.0,False,4,PT02M57.00S
P0674,0042500317,2026-06-01T04:22:29Z,PL_1641717,Unknown,2PT,0.0,False,4,PT02M57.00S
P0657,0042500317,2026-06-01T04:22:34Z,PL_1631119,Missed Shot,2PT,19.0,False,4,PT02M34.00S
P0658,0042500317,2026-06-01T04:22:39Z,PL_1610612759,Rebound,2PT,0.0,False,4,PT02M31.00S
P0660,0042500317,2026-06-01T04:22:44Z,PL_1642844,Missed Shot,2PT,2.0,False,4,PT02M16.00S
P0660,0042500317,2026-06-01T04:22:49Z,PL_1631096,Unknown,2PT,0.0,False,4,PT02M16.00S
P0662,0042500317,2026-06-01T04:22:54Z,PL_1631119,Rebound,2PT,0.0,False,4,PT02M13.00S
P0663,0042500317,2026-06-01T04:22:59Z,PL_1641717,Made Shot,3PT,26.0,True,4,PT02M02.00S
P0665,0042500317,2026-06-01T04:23:04Z,PL_1642264,Turnover,2PT,0.0,False,4,PT01M36.00S
P0665,0042500317,2026-06-01T04:23:09Z,PL_1631096,Unknown,2PT,0.0,False,4,PT01M36.00S
P0667,0042500317,2026-06-01T04:23:14Z,PL_1628983,Missed Shot,3PT,27.0,False,4,PT01M25.00S
P0669,0042500317,2026-06-01T04:23:19Z,PL_1610612759,Rebound,2PT,0.0,False,4,PT01M23.00S
P0670,0042500317,2026-06-01T04:23:24Z,PL_1642844,Substitution,2PT,0.0,False,4,PT01M23.00S
P0672,0042500317,2026-06-01T04:23:29Z,PL_1631096,Substitution,2PT,0.0,False,4,PT01M23.00S
P0676,0042500317,2026-06-01T04:23:34Z,PL_1630577,Missed Shot,2PT,20.0,False,4,PT01M01.00S
P0677,0042500317,2026-06-01T04:23:39Z,PL_1642264,Rebound,2PT,0.0,False,4,PT00M59.10S
P0678,0042500317,2026-06-01T04:23:44Z,PL_1642264,Made Shot,2PT,2.0,True,4,PT00M59.10S
P0679,0042500317,2026-06-01T04:23:49Z,PL_1641717,Made Shot,2PT,5.0,True,4,PT00M52.90S
P0680,0042500317,2026-06-01T04:23:54Z,PL_1610612759,Timeout,2PT,0.0,False,4,PT00M42.90S
P0681,0042500317,2026-06-01T04:23:59Z,PL_1631119,Substitution,2PT,0.0,False,4,PT00M42.90S
P0682,0042500317,2026-06-01T04:24:04Z,PL_1642272,Substitution,2PT,0.0,False,4,PT00M42.90S
P0683,0042500317,2026-06-01T04:24:09Z,PL_1630577,Substitution,2PT,0.0,False,4,PT00M42.90S
P0687,0042500317,2026-06-01T04:24:14Z,PL_1642264,Turnover,2PT,0.0,False,4,PT00M40.10S
P0687,0042500317,2026-06-01T04:24:19Z,PL_1641717,Unknown,2PT,0.0,False,4,PT00M40.10S
P0689,0042500317,2026-06-01T04:24:24Z,PL_1629026,Missed Shot,3PT,0.0,False,4,PT00M28.40S
P0690,0042500317,2026-06-01T04:24:29Z,PL_1642264,Rebound,2PT,0.0,False,4,PT00M22.30S
P0691,0042500317,2026-06-01T04:24:34Z,PL_1642264,Turnover,2PT,0.0,False,4,PT00M22.30S
P0691,0042500317,2026-06-01T04:24:39Z,PL_1628983,Unknown,2PT,0.0,False,4,PT00M22.30S
P0693,0042500317,2026-06-01T04:24:44Z,PL_1628368,Foul,2PT,0.0,False,4,PT00M22.30S
P0695,0042500317,2026-06-01T04:24:49Z,PL_1629652,Substitution,2PT,0.0,False,4,PT00M22.30S
P0696,0042500317,2026-06-01T04:24:54Z,PL_1629026,Substitution,2PT,0.0,False,4,PT00M22.30S
P0697,0042500317,2026-06-01T04:24:59Z,PL_1642844,Substitution,2PT,0.0,False,4,PT00M22.30S
P0701,0042500317,2026-06-01T04:25:04Z,PL_1627936,Missed Shot,3PT,27.0,False,4,PT00M18.20S
P0702,0042500317,2026-06-01T04:25:09Z,PL_1610612760,Rebound,2PT,0.0,False,4,PT00M17.10S
P0704,0042500317,2026-06-01T04:25:14Z,PL_1641717,Missed Shot,3PT,29.0,False,4,PT00M12.50S
P0705,0042500317,2026-06-01T04:25:19Z,PL_1630577,Rebound,2PT,0.0,False,4,PT00M08.40S
P0706,0042500317,2026-06-01T04:25:24Z,PL_1630170,Made Shot,2PT,1.0,True,4,PT00M04.10S
